{"cameraMode":{"drawMode":0,"name":"Shaded","section":"Shading Mode"},"sceneLighting":true,"audioPlay":false,"sceneViewState":{"showFog":true,"showMaterialUpdate":false,"showSkybox":true,"showFlares":true,"showImageEffects":true,"showParticleSystems":true},"in2DMode":false,"pivot":{"x":-13.460000038146973,"y":1.0,"z":2.569999933242798},"rotation":{"x":-0.09560453146696091,"y":0.890167772769928,"z":-0.21954703330993653,"w":-0.38763484358787539},"size":0.9949874877929688,"orthographic":false}