{"cameraMode":{"drawMode":0,"name":"Shaded","section":"Shading Mode"},"sceneLighting":false,"audioPlay":false,"sceneViewState":{"showFog":true,"showMaterialUpdate":false,"showSkybox":false,"showFlares":true,"showImageEffects":true,"showParticleSystems":true},"in2DMode":false,"pivot":{"x":0.0,"y":0.3542582392692566,"z":0.000004902482032775879},"rotation":{"x":-0.3134021759033203,"y":0.11697536706924439,"z":-0.03893177956342697,"w":-0.9415894150733948},"size":4.430966377258301,"orthographic":false}